District Name,Block/Tehsil Name,water_body_name,latitude_dec,longitude_dec
NORTH EAST,YAMUNA VIHAR,NA,28.702222,77.279722
SOUTH,SAKET,CHHATARPUR,28.506111,77.180556
SOUH WEST,KAPAS HERA,DDA JHOD,28.545278,77.033056
SOUH WEST,KAPAS HERA,JHOD ,28.534444,77.032778
SOUH WEST,NAJAFGARH,NA,28.594444,76.939167
EAST,MAYUR VIHAR,NA,28.615,77.323889
NORTH,NARELA,NA,28.816111,76.97
NORTH WEST,KANJHAWLA,NA,28.697222,76.996667
NORTH WEST,KANJHAWLA,NA,28.746389,76.966944
NORTH WEST,KANJHAWLA,NA,28.778611,76.962222
NORTH WEST,KANJHAWLA,NA,28.788056,76.988889
NORTH WEST,KANJHAWLA,Near Sitala Mata Mandir,28.805833,76.961944
NORTH WEST,KANJHAWLA,Near Ambedkar Chaupal,28.8,76.966944
NORTH WEST,KANJHAWLA,NA,28.739444,76.965833
NORTH,NARELA,NA,28.810556,77.012222
NORTH,NARELA,NA,28.803611,76.995
NORTH,NARELA,Village Sanoth,28.814167,77.070833
NORTH,NARELA,Village Bankner near Veterinary Hospital,28.849444,77.0725
NORTH,NARELA,Village Bankner Dada Mai Temple,28.848056,77.0725
NORTH WEST,ROHINI,NA,28.704722,77.020278
NORTH,NARELA,Village Lampur Johadi,28.845556,77.056389
NORTH,NARELA,NA,28.799167,77.036944
NORTH,NARELA,NA,28.788056,77.026667
NORTH,NARELA,Village Ghoga MPCC Building ,28.830833,77.049722
NORTH WEST,ROHINI,Mata Mandir,28.716667,77.028333
NORTH,NARELA,Village Lampur Near Mohalla Clinic ,28.852222,77.064444
NORTH,NARELA,NA,28.793889,77.036111
SOUH WEST,NAJAFGARH,Near temple and open gym ,28.549167,76.898611
NORTH WEST,ROHINI,Mata Mansa Devi Mandir,28.708611,77.023333
NORTH WEST,ROHINI,NA,28.709167,77.018056
NORTH WEST,ROHINI,Near Mndir Dhaka Talab,28.704167,77.029167
NORTH,NARELA,Near Shiv Mandir,28.801944,77.024722
NORTH,NARELA,NA,28.770833,77.050556
WEST,PUNJABI BAGH,Shiv Mandir,28.6725,76.996389
NORTH WEST,KANJHAWLA,NA,28.77,77.005278
NORTH,NARELA,Village Barwala Water Body,28.755556,77.069722
NORTH,ALIPUR,Shahbad Daulatpur Vacant Land,28.749444,77.106389
NORTH WEST,KANJHAWLA,Near Shamshan Ghat,28.771111,76.9925
NORTH,NARELA,NA,28.768611,77.041389
NORTH WEST,ROHINI,NA,28.712222,77.045
NORTH,NARELA,Village Bankner Well ,28.852778,77.076111
NORTH,NARELA,Village Bankner Rambala Well,28.853056,77.078889
NORTH,NARELA,Village Lampur Aashriya waala,28.849167,77.059722
NORTH,NARELA,NA,28.802778,77.035278
NORTH,NARELA,NA,28.798611,77.040556
NORTH,NARELA,Near Balmiki Hospital,28.776111,77.046667
NORTH,NARELA,Near Shiv Mandir,28.805556,76.998056
NORTH,NARELA,NA,28.794722,77.000833
NORTH,NARELA,NA,28.766944,77.027778
WEST,PUNJABI BAGH,Back Side of PRIMARY SCHOOL,28.679167,76.966111
WEST,PUNJABI BAGH,CNG Pump ,28.674722,76.961389
NORTH WEST,KANJHAWLA,NA,28.754444,77.003611
WEST,PUNJABI BAGH,Shani Mandir ,28.686667,76.975278
NORTH WEST,KANJHAWLA,NA,28.768333,76.995278
NORTH,ALIPUR,Village Singhola Near Stone Market,28.839722,77.119444
NORTH,ALIPUR,Village Singhola,28.843611,77.121389
NORTH,ALIPUR,Ram Sarovar Pond,28.798611,77.135833
NORTH,NARELA,Village Dariya Purkalan Ambedkar Stadium,28.812222,77.007778
WEST,PUNJABI BAGH,Near GH SIX PASCHIM VIHAR,28.66,77.085833
WEST,PUNJABI BAGH,Near Ramdev Mandir Water Pound,28.6675,77.017778
WEST,PUNJABI BAGH,near bhagat singh park pond ,28.642778,77.015278
WEST,PUNJABI BAGH,near jhimar chaupal,28.655556,77.039444
WEST,PUNJABI BAGH,Shani Mandir ,28.674167,76.999722
NORTH,NARELA,NA,28.783611,77.001667
WEST,PUNJABI BAGH,Power House ,28.679444,76.983889
NORTH WEST,KANJHAWLA,Samadhi Sadh Maharaj,28.768056,77.001389
NORTH,NARELA,Village Prehladpur Banger Water Body,28.753056,77.078889
NORTH,NARELA,Village Barwala Water Body,28.758056,77.065
NORTH WEST,KANJHAWLA,NA,28.734167,77.027778
NORTH WEST,KANJHAWLA,NA,28.736944,77.046667
NORTH WEST,ROHINI,Near Kali Mata Mandir,28.706944,77.020278
NORTH,NARELA,Village Dariya Purkalan Molodo ki Johadi,28.8175,77.008889
WEST,PUNJABI BAGH,Madan Pur Drain ,28.670833,76.991389
WEST,PUNJABI BAGH,Cremation Ground ,28.670833,77.005
WEST,PUNJABI BAGH,near vyayamshala pond,28.667778,77.013611
WEST,PUNJABI BAGH,near bakkarwala unauthorized colony pond,28.662222,77.0175
WEST,PUNJABI BAGH,near barat ghar,28.658889,77.038056
NORTH,NARELA,NA,28.808056,76.999444
WEST,PUNJABI BAGH,Jai Mata Mandir,28.684167,76.968611
NORTH WEST,KANJHAWLA,NA,28.753889,77.006667
NORTH WEST,KANJHAWLA,NA,28.756111,76.997222
NORTH WEST,KANJHAWLA,NA,28.754444,77.003611
WEST,PUNJABI BAGH,Hanuman Mandir,28.6825,76.973611
NORTH WEST,KANJHAWLA,NA,28.729722,76.9675
NORTH,NARELA,NA,28.763333,77.038889
NORTH WEST,ROHINI,NA,28.702778,77.063056
WEST,PUNJABI BAGH,Madan Pur Drain ,28.681389,76.998056
WEST,PUNJABI BAGH,NEAR OLS SHIV MANDIR,28.677778,77.085
WEST,PUNJABI BAGH,Near  barat ghar Water Pound,28.667222,77.017222
WEST,PUNJABI BAGH,NEAR PRIMARY SCHOOL ,28.6675,76.976389
NORTH,NARELA,TIKRI KHURD VILLAGE,28.834444,77.123333
NORTH,NARELA,Village Dariya Purkalan Kuye waali johadi,28.813611,77.011944
NORTH,NARELA,Village Harevali Khokkar ki Johadi Two,28.837222,77.015
WEST,PUNJABI BAGH,Hanuman Mandir,28.668333,77.007222
WEST,PUNJABI BAGH,Near sai Mandir Water Pound,28.665833,77.009444
WEST,PUNJABI BAGH,near talab park chhat ghat,28.663889,77.051111
WEST,PUNJABI BAGH,Old Choupal ,28.683611,76.971111
NORTH EAST,KARAWAL NAGAR,NA,28.7175,77.281389
SOUH WEST,DWARKA,Near mahila park,28.562778,77.049167
SOUH WEST,KAPAS HERA,Near khatta (garbage house) ,28.565278,76.978333
NORTH EAST,KARAWAL NAGAR,NA,28.7125,77.260556
SOUH WEST,KAPAS HERA,near phirni road ,28.522778,76.905
WEST,PUNJABI BAGH,Mundka Near Aashram,28.680556,77.009167
NORTH EAST,YAMUNA VIHAR,NA,28.702778,77.291389
NORTH EAST,YAMUNA VIHAR,NA,28.710556,77.281667
SOUH WEST,KAPAS HERA,NA,28.535556,76.918889
SOUH WEST,KAPAS HERA,near baba sayyed ,28.51,76.885278
SOUH WEST,KAPAS HERA,Chawla,28.556944,77.001389
SOUH WEST,KAPAS HERA,Najafgarh road near garib das mandir inside agricultural land,28.570833,76.994167
NORTH WEST,ROHINI,NA,28.696111,77.055833
SOUH WEST,KAPAS HERA,Near shamshaan ghat,28.567778,76.986944
NORTH WEST,KANJHAWLA,NA,28.719167,76.958889
NORTH WEST,KANJHAWLA,NA,28.719444,76.964444
NORTH WEST,KANJHAWLA,NA,28.723611,76.961667
NORTH WEST,KANJHAWLA,NA,28.719722,76.965556
NORTH WEST,KANJHAWLA,NA,28.713889,76.961111
NORTH WEST,KANJHAWLA,NA,28.719167,76.957222
NORTH WEST,KANJHAWLA,NA,28.720556,76.962222
NORTH WEST,KANJHAWLA,NA,28.72,76.965556
NORTH WEST,KANJHAWLA,NA,28.718889,76.963889
NORTH WEST,KANJHAWLA,NA,28.714444,76.962778
WEST,PATEL NAGAR,BUDHELA WATERBODY NEAR RAM MANDIR,28.639444,77.068333
WEST,PATEL NAGAR,BUDHELA WATERBODY NEAR JAI SHRI RAM CHOWK,28.637778,77.068056
NEW DELHI,DELHI CANT.,Todapur waterbody near agricultural science museum,28.630278,77.167778
NEW DELHI,DELHI CANT.,NANGAL RAYA near satyam store,28.604167,77.1075
WEST,PATEL NAGAR,Keshopur waterbody near westside orthopaedic clinic,28.646389,77.081667
WEST,PATEL NAGAR,BUDHELA WATERBODY NEAR ADARSH PUBLIC SCHOOL,28.634444,77.071944
NEW DELHI,DELHI CANT.,Todapur waterbody  near scientist apartments IARI,28.627222,77.163889
WEST,PATEL NAGAR,KHAYALA NEAR CHANDELA PARK,28.656389,77.102778
SOUH WEST,NAJAFGARH,Agriculture field and murgi farm  ,28.555,76.848333
NEW DELHI,VASANT VIHAR,Holi Chowk pahari Jhod,28.505556,77.113056
SOUTH,MEHRAULI,MARSH LAND,28.51,77.141944
SOUH WEST,KAPAS HERA,najafgarh jheel,28.515278,76.923611
SOUH WEST,KAPAS HERA,Paprawat,28.591111,76.979167
CENTRAL,CIVIL LINES,WAZIRABAD ,28.721389,77.223333
SOUH EAST,DEFENCE COLONY,BEHLOPUR KHADDAR,28.585556,77.258333
CENTRAL,CIVIL LINES,Timarpur,28.7125,77.223889
SOUH WEST,KAPAS HERA,Pindwala khurd,28.551944,76.958611
SOUTH,MEHRAULI,KISHAN GARH,28.52,77.161667
SOUTH,MEHRAULI,NEELA HAUZ,28.528611,77.17
SOUH WEST,KAPAS HERA,Pindwala khurd,28.567778,76.971111
SOUH EAST,DEFENCE COLONY,SARAI KALEKHAN,28.584444,77.256944
NEW DELHI,VASANT VIHAR,VASANT VIHAR,28.559444,77.165833
SOUTH,MEHRAULI,INSIDE JNU CAMPUS,28.521111,77.167222
SOUTH,MEHRAULI,KISHAN GARH,28.519722,77.161667
NORTH WEST,SARASWATI VIHAR,Mharaja agrsen park,28.695,77.131944
SOUTH,MEHRAULI,DDA LAND,28.518611,77.169167
SOUH EAST,DEFENCE COLONY,CHAKCHILLA,28.576944,77.283611
SOUH WEST,KAPAS HERA,Chawla,28.5625,77.005278
NORTH WEST,KANJHAWLA,NA,28.771389,76.994444
SOUH EAST,DEFENCE COLONY,Okhla ,28.566111,77.292778
SOUTH,MEHRAULI,PUBLIC PARK,28.5175,77.1725
NORTH WEST,KANJHAWLA,NA,28.738611,76.974444
EAST,MAYUR VIHAR,DALLU PURA,28.603333,77.322778
NORTH WEST,KANJHAWLA,NA,28.752778,77.006111
EAST,PREET VIHAR,GHAZIPUR,28.629722,77.317778
NORTH WEST,KANJHAWLA,NA,28.78,77.008333
WEST,PATEL NAGAR,Matiala,28.6175,77.047778
NORTH WEST,KANJHAWLA,NA,28.733333,77.027778
SOUH WEST,DWARKA,Near baghichi park ,28.561389,77.044722
SOUTH,MEHRAULI,PUBLIC PARK,28.519722,77.161667
SOUTH,MEHRAULI,PUBLIC PARK,28.534167,77.146944
NORTH WEST,KANJHAWLA,Near Shiv Mandir,28.785556,76.966944
NORTH WEST,KANJHAWLA,NA,28.750556,76.965833
SOUH WEST,KAPAS HERA, near hanuman mandir,28.564167,77.0025
EAST,MAYUR VIHAR,SMRITI VAN LAKE KONDLI,28.603611,77.336667
NORTH WEST,KANJHAWLA,NA,28.755,77.000833
SOUH WEST,KAPAS HERA,Paprawat near oasis school,28.586111,76.978333
NORTH WEST,KANJHAWLA,Near Shiv Mandir,28.726667,77.041111
NORTH WEST,ROHINI,Near Mazjid wali gali,28.704722,77.035278
NORTH WEST,ROHINI,Near Shamshan Ghat,28.711111,77.036667
NORTH WEST,ROHINI,NA,28.703889,77.053611
EAST,NA,VINOD NAGAR,28.623611,77.288889
NORTH WEST,ROHINI,NA,28.728611,77.078333
SOUTH,MEHRAULI,MARSHY LAND,28.532778,77.185556
SOUH EAST,SARITA VIHAR,Aali,28.516667,77.301389
WEST,PATEL NAGAR,Matiala,28.611667,77.046389
WEST,PATEL NAGAR,Matiala,28.614167,77.043611
NORTH WEST,KANJHAWLA,NA,28.728333,77.034444
NORTH WEST,ROHINI,NA,28.721389,77.046389
NORTH WEST,ROHINI,NA,28.707778,77.054722
EAST,NA,WELCOME JHEEL SHAHDARA,28.676111,77.279444
NORTH WEST,ROHINI,NA,28.697778,77.051944
NORTH WEST,ROHINI,NA,28.723611,77.066667
NORTH WEST,ROHINI,NA,28.732778,77.073889
NORTH WEST,KANJHAWLA,NA,28.7125,76.988611
WEST,PUNJABI BAGH,Neelwal Village,28.671111,76.99
NORTH WEST,ROHINI,NA,28.707222,77.038333
NORTH WEST,ROHINI,NA,28.708333,77.039722
EAST,NA,SHASTRI PARK,28.676389,77.262778
NORTH WEST,ROHINI,NA,28.727222,77.07
NORTH WEST,KANJHAWLA,Near Hanuman Mandir,28.703611,76.976111
SOUH WEST,KAPAS HERA,Rewla khanpur,28.563056,76.981944
EAST,NA,WEST VINOD NAGAR,28.6225,77.288889
NORTH WEST,KANJHAWLA,NA,28.708611,76.985556
NORTH WEST,KANJHAWLA,NA,28.704722,76.98
EAST,NA,NA,28.628889,77.293333
EAST,PREET VIHAR,NA,28.632778,77.321944
EAST,PREET VIHAR,NA,28.626389,77.324167
SOUH WEST,KAPAS HERA,near main road,28.51,76.891944
SOUH WEST,KAPAS HERA,near mcd toll ,28.51,76.891944
SOUH WEST,KAPAS HERA,main road,28.521667,77.000556
NEW DELHI,VASANT VIHAR,Forest water body,28.518333,77.107222
NORTH,ALIPUR,Singhu Water body ,28.86,77.133611
NORTH,ALIPUR,Singhu Water body ,28.86,77.133611
NORTH,ALIPUR,Sungar Pur Water Body,28.818202,77.211921
NORTH WEST,KANJHAWLA,NA,28.714444,76.962778
SOUH EAST,KALKA JI,Tughlakabad ,28.514167,77.267778
EAST,NA,NA,28.635,77.3075
SOUTH,SAKET,Neb Sarai,28.509444,77.203333
EAST,NA,NA,28.639722,77.301944
SOUH WEST,KAPAS HERA,Near delhi govt dispensary,28.572778,76.954444
SOUH WEST,KAPAS HERA,Near govt boys school,28.58,76.983611
SOUH WEST,NAJAFGARH,Dada maya ram sadh mandir ,28.600833,76.960833
SOUH WEST,KAPAS HERA,Bihari pond,28.582778,76.976667
NORTH EAST,KARAWAL NAGAR,NA,28.75,77.256667
SOUH WEST,KAPAS HERA,near shamshan ghat,28.545,76.995556
EAST,MAYUR VIHAR,NA,28.622778,77.314722
SOUH WEST,KAPAS HERA,Near hanuman mandir,28.557778,76.963333
SOUH WEST,KAPAS HERA,Near shamshaan ghat,28.554167,76.964167
SOUH EAST,DEFENCE COLONY,PARK,28.566389,77.268889
NORTH EAST,KARAWAL NAGAR,NA,28.722778,77.268333
SOUTH,SAKET,Rajpur Pond,28.493333,77.191111
SOUH WEST,KAPAS HERA,Forest nursery,28.563056,76.975833
SOUH EAST,DEFENCE COLONY,Joga Bai,28.564722,77.271111
SOUTH,SAKET,Maidan Garhi,28.483889,77.1975
SOUH EAST,KALKA JI,Bahapur,28.561944,77.270556
NORTH,NARELA,Village Ghoga,28.831667,77.046667
SOUH WEST,NAJAFGARH,Near Chawla stand park ,28.608889,76.986111
SOUTH,SAKET,KAPIL DEV FARM,28.451111,77.208333
SOUTH,MEHRAULI,Johad Gadaipur,28.474722,77.142778
NORTH,NARELA,Village Dariya Purkalan Gola waali Johadi,28.821667,77.0125
SOUH WEST,KAPAS HERA,near well,28.528611,76.980278
SOUTH,HAUZ KHAS,Hauz Khas ,28.552222,77.193889
SOUTH,SAKET,BHATI WB,28.43,77.193889
NEW DELHI,DELHI CANT.,Dda water body,28.569167,77.074167
SOUH WEST,NAJAFGARH,Back  side of Feddral Bank,28.622778,76.921389
SOUTH,SAKET,BHATI NATURAL WB,28.425278,77.191667
SOUTH,SAKET,BHATI WB,28.427778,77.197778
SOUH EAST,SARITA VIHAR,NTPC ECO PARK,28.509444,77.335
NEW DELHI,VASANT VIHAR,DDA Park Water body,28.527222,77.155278
SOUTH,MEHRAULI,FATEHPUR BERI,28.434722,77.188056
WEST,PUNJABI BAGH,Near District Park Madipur Village,28.669722,77.121667
NORTH,NARELA,Village Mamoor Pur,28.861667,77.095556
SOUH WEST,NAJAFGARH,NA,28.650278,76.941667
SOUTH,HAUZ KHAS,In Malviya Nagar,28.534444,77.213056
SOUH WEST,NAJAFGARH,Agriculture field ,28.555278,76.873056
SOUH WEST,NAJAFGARH,At Phirni Road of village Khera Dabar,28.584722,76.938056
SOUH WEST,DWARKA,Pochanpur dham,28.559722,77.043889
SOUTH,SAKET,Private land,28.500833,77.228333
SOUH WEST,NAJAFGARH,Situated in Gauhala Road,28.623056,76.948333
SOUH WEST,DWARKA,DDA water body park,28.558611,77.046389
SOUH WEST,KAPAS HERA,Near mandir ,28.553611,76.910556
NEW DELHI,VASANT VIHAR,Rajokri Model chhat ghat water body,28.51,77.122222
SOUTH,SAKET,QUTUB GOLF COURSE,28.530278,77.196944
SOUTH,SAKET,Forest area,28.459444,77.205556
SOUH WEST,NAJAFGARH,Near cremation ground village Surehera ,28.598611,76.940278
SOUTH,SAKET,LADOSARAI ,28.5225,77.192778
SOUTH,SAKET,Monument exist,28.520556,77.182778
SOUH WEST,NAJAFGARH,Situated in middle of village Jaffarpur Kalan,28.589722,76.921389
SOUTH,MEHRAULI,RAJA KI BAOLI,28.520556,77.181667
SOUH WEST,NAJAFGARH,On Phirni Road,28.560278,76.937778
NEW DELHI,VASANT VIHAR,Holy Chowk jhod,28.510833,77.114722
NEW DELHI,VASANT VIHAR,Rajokri forest water body,28.515556,77.1175
SOUTH,HAUZ KHAS,OPEN LAND IN UNAUTHORISED AREA,28.531667,77.217778
SOUTH,HAUZ KHAS,DEVELOPED PARK BY DDA,28.535,77.229444
SOUH WEST,NAJAFGARH,Near Ujwa to Daryapur main road ,28.565833,76.905
SOUTH,HAUZ KHAS,DEVELOPED PARK,28.543333,77.2175
SOUTH,HAUZ KHAS,OPEN LAND NEAR DDA PARK,28.551389,77.211389
NEW DELHI,VASANT VIHAR,NO WATER BODY ,28.531389,77.112222
NEW DELHI,VASANT VIHAR,NO WATER BODY ,28.535556,77.0875
SOUTH,HAUZ KHAS,OPEN LAND NEAR DRAIN,28.546944,77.219722
SOUH WEST,DWARKA,Golf course road near dwarka bus stand,28.595833,77.022222
SOUH WEST,KAPAS HERA,Near nain jhatikara road  opposite to tayagi farms,28.56,76.978611
NORTH WEST,ROHINI,P  Block Chhat Pooja Park,28.691944,77.086667
NORTH WEST,ROHINI,Sultanpur Majara,28.6975,77.080278
SOUH WEST,KAPAS HERA,Near shankar bhawan ,28.581111,77.003611
EAST,PREET VIHAR,NA,28.633056,77.322222
SOUH WEST,KAPAS HERA,NA,28.518333,76.905
EAST,NA,NA,28.663611,77.302778
EAST,MAYUR VIHAR,NA,28.613056,77.301389
EAST,NA,NA,28.621944,77.2775
SOUH WEST,KAPAS HERA,near mandir,28.526667,76.900833
EAST,NA,NA,28.649167,77.304167
NORTH EAST,SEELAMPUR,NA,28.695556,77.271111
SHAHDARA,SHAHDARA,NA,28.679167,77.274722
SHAHDARA,SHAHDARA,NA,28.691111,77.2725
EAST,NA,NA,28.630556,77.280278
EAST,NA,NA,28.630556,77.281111
EAST,NA,NA,28.631111,77.282222
SHAHDARA,SHAHDARA,NA,28.681389,77.290556
EAST,MAYUR VIHAR,NA,28.604722,77.289444
EAST,MAYUR VIHAR,NA,28.614444,77.328889
SOUH WEST,KAPAS HERA,NA,28.556111,76.925556
SHAHDARA,SEEMAPURI,NA,28.7025,77.303611
NORTH EAST,KARAWAL NAGAR,NA,28.727222,77.268889
SOUH WEST,DWARKA,Near ACE hospital nasirpur,28.595833,77.093333
SOUH WEST,KAPAS HERA,NA,28.521667,77.000556
NORTH EAST,KARAWAL NAGAR,NA,28.7175,77.281389
CENTRAL,NA,BARA HINDURAO,28.676389,77.212222
NORTH,NARELA,Near Govt School,28.819167,77.000278
EAST,PREET VIHAR,NA,28.626389,77.324167
CENTRAL,NA,NANI LAKE,28.707222,77.193889
EAST,NA,NA,28.670556,77.292222
NORTH WEST,KANJHAWLA,NA,28.779444,76.965
NORTH WEST,KANJHAWLA,Near Shiv Mandir,28.704167,76.988889
EAST,NA,NA,28.669167,77.259722
NORTH WEST,KANJHAWLA,NA,28.799444,76.957778
NORTH WEST,KANJHAWLA,NA,28.736944,76.993611
NORTH WEST,KANJHAWLA,Dada Shyam Temple,28.733333,77.003889
NORTH,NARELA,Village Bankner Well on Phirni road,28.852778,77.074167
NORTH WEST,KANJHAWLA,Near Sh Dada Mandu Samdhi,28.7375,77.0375
WEST,PUNJABI BAGH,Holi Chowk,28.681111,76.969167
WEST,PUNJABI BAGH,DADI MANDIR,28.674722,76.979444
NORTH,ALIPUR,Village Shahbad Daulatpur MPCC Building,28.745278,77.110556
WEST,PUNJABI BAGH,near lord buddha apartment,28.676667,77.088889
NORTH,NARELA,Village Naya Bans ,28.776111,77.098611
NORTH,NARELA,Village Naya Bans ,28.786111,77.095
WEST,PUNJABI BAGH,Nizampur road ,28.696389,76.966389
WEST,PUNJABI BAGH,Near community centre nilothi,28.647778,77.057222
WEST,PUNJABI BAGH,near ABC block ,28.681389,77.063056
WEST,PUNJABI BAGH,Shani Mandir ,28.668333,76.979444
NORTH,ALIPUR,Shahbad Daulatpur Govt School,28.741389,77.111389
NORTH,NARELA,Village Holambi Khurd,28.795833,77.093889
NORTH,NARELA,Village Naya Bans ,28.789722,77.090556
WEST,PUNJABI BAGH,Near Cremation Ground ,28.683333,77.029167
NORTH WEST,KANJHAWLA,Near Shiv Mandir,28.751667,76.963056
NORTH,NARELA,Village Bankner back side of Rao Pana Chaupal,28.850278,77.075556
NORTH,NARELA,Village Bankner Well near temple,28.851944,77.078611
NORTH,NARELA,Village Bankner back side of Govt School,28.847778,77.075278
WEST,PUNJABI BAGH,near lok nayak puram dda flat,28.66,77.005556
NORTH,NARELA,Village Narela bus stand,28.851944,77.0875
WEST,PUNJABI BAGH,Near Rani Khera Road ,28.693889,77.027778
WEST,PUNJABI BAGH,Guga Park,28.680556,77.026389
WEST,PUNJABI BAGH,Hanuman Mandir,28.670556,77.000556
NORTH,NARELA,Village Prehladpur Banger Water Body,28.747222,77.079722
NORTH,NARELA,Village Harevali,28.838889,77.011389
WEST,PUNJABI BAGH,NA,28.646389,77.028333
WEST,PUNJABI BAGH,NEAR RECREATION CENTRE,28.678056,77.0625
NORTH,NARELA,Village Naya Bans ,28.784167,77.096389
NORTH,NARELA,Village Holambi Kalan,28.807778,77.098333
NORTH,NARELA,Village Holambi Kalan,28.8075,77.095833
NORTH,NARELA,Village Narela,28.854722,77.095
NORTH,NARELA,Village Narela ,28.851111,77.094722
WEST,PUNJABI BAGH,Near Vikas Water Supplier,28.690556,77.019444
WEST,PUNJABI BAGH,near shiv mandir,28.678333,77.053333
WEST,PUNJABI BAGH,near cremation ground ,28.639167,77.016944
WEST,PUNJABI BAGH,near baprola shiv mandir pond,28.640556,77.010556
NORTH,ALIPUR,Village Khera Kalan Near Cremation Ground,28.770556,77.112222
NORTH,ALIPUR,Village Khera Garhi,28.770556,77.120556
WEST,PUNJABI BAGH,near park,28.677222,77.033056
WEST,PUNJABI BAGH,Near Dada Bhairav Park,28.677778,77.025833
WEST,PUNJABI BAGH,NA,28.65,77.01
WEST,PUNJABI BAGH,jai vihar chhat ghat pond ,28.630833,77.008333
WEST,PUNJABI BAGH,Near Saini mohalla pound,28.675833,77.065833
WEST,PUNJABI BAGH,near outer ring road peeragarhi,28.670833,77.095556
NORTH,ALIPUR,Bakhtawarpur water body,28.816667,77.163611
NORTH,ALIPUR,Bakhtawarpur water body,28.815,77.163889
NORTH,ALIPUR,Village Khera Kalan Near Industrial area,28.781389,77.120833
NORTH,NARELA,Encroached DJB Office,28.758611,77.063056
NORTH,ALIPUR,Tigipur Water Body,28.824722,77.187778
NORTH,NARELA,Encroached Govt School,28.752222,77.062778
SOUH WEST,KAPAS HERA,main road,28.545833,76.948333
SOUH WEST,KAPAS HERA,near mandir,28.51,76.891944
SOUH WEST,KAPAS HERA,Village dindarpur jhod near masjid,28.592222,76.993889
SOUH WEST,KAPAS HERA,Goyla khurd BDO Pond,28.587222,77.008611
NORTH,NARELA,NA,28.796111,77.029444
SOUH WEST,KAPAS HERA,Near shamshaan ghat,28.553611,76.963889
SOUH WEST,NAJAFGARH,Near govt sarvodya school,28.609722,76.986667
CENTRAL,NA,Mukandpur,28.739722,77.184444
SOUH WEST,KAPAS HERA,Holi chowk ,28.566111,76.981667
SOUH WEST,KAPAS HERA,Near sarvodya kanya vidyalya ,28.590833,76.998333
SOUH WEST,DWARKA,Near barat ghar and mukteshwar mahadev mandir,28.609722,77.02
SOUH WEST,NAJAFGARH,Near igl gas station,28.589444,76.960833
SOUH WEST,NAJAFGARH,Near village Park of Dichaon Kalan,28.638056,76.979444
WEST,PATEL NAGAR,NA,28.630278,77.055
SOUH WEST,KAPAS HERA,NA,28.551667,76.91
SOUH WEST,KAPAS HERA,NA,28.561389,77.015
SOUH WEST,NAJAFGARH,Agriculture field and village fhirni,28.558889,76.884444
SOUH WEST,NAJAFGARH,Near shamshan ghat,28.564167,76.910833
CENTRAL,NA,Burari Garhi,28.755556,77.196389
SOUH WEST,KAPAS HERA,Near thakur ji general store ,28.588333,76.9775
SOUH WEST,DWARKA,Near rajkiya sarvodya school  ,28.593611,77.026389
WEST,PATEL NAGAR,NA,28.63,77.056111
SOUH WEST,DWARKA,Three peacocks park near shiv mandir,28.578611,77.048611
SOUH WEST,DWARKA,Opposite Vardhman mall,28.718611,77.277778
SOUH WEST,NAJAFGARH,Behind Ashram at village Khera Dabar,28.589444,76.931944
SOUH WEST,NAJAFGARH,Back side of Jaffarpur Temple,28.591667,76.918056
NEW DELHI,VASANT VIHAR,IFC nursery,28.526667,77.113056
SOUH WEST,NAJAFGARH,Adjacent to Mundella Kalan Govt School,28.606944,76.896389
SOUH WEST,NAJAFGARH,Near shamshan ghat,28.580833,76.905556
SOUH WEST,NAJAFGARH,LEFT SIDE OF MAJRI TOLL TAX ON MUNDELLA BUND,28.589722,76.882222
SOUH WEST,NAJAFGARH,LEFT SIDE OF BAKKARGARH TO ISSAPUR ROAD,28.595278,76.876389
SOUH WEST,NAJAFGARH,NEAR DADA BUDHA MANDIR ISAPUR,28.575278,76.866944
SOUH WEST,NAJAFGARH,kharkhari nahar and shaheed rao laxmi chand marg,28.581389,76.956389
SOUH WEST,NAJAFGARH,Near by Govt School in village Surehera,28.600833,76.933611
SOUH WEST,NAJAFGARH,NA,28.580556,76.944167
SOUH WEST,NAJAFGARH,Malikpur road near open gym,28.552222,76.871667
NEW DELHI,VASANT VIHAR,ranpuri johad,28.534722,77.119167
SOUH WEST,NAJAFGARH,Main village road near temple ,28.543056,76.888889
SOUH WEST,NAJAFGARH,forest land near village khera dabar road ,28.566111,76.923611
SOUH WEST,KAPAS HERA,Near to phirni road opposite vasudev farm,28.555278,76.912778
SOUH WEST,NAJAFGARH,LEFT BANK OF BC DRAIN,28.626667,76.891667
NEW DELHI,VASANT VIHAR,NO WATER BODY ,28.531944,77.085556
CENTRAL,CIVIL LINES,Burari pond near NDPL Office,28.758611,77.196111
SOUH WEST,KAPAS HERA,mcd water body,28.545,77.050278
SOUH WEST,NAJAFGARH,In Back side of GBSSS,28.610833,76.911667
SOUH WEST,NAJAFGARH,Opp Cremation Ground,28.625278,76.918889
SOUH WEST,NAJAFGARH,Veterinary Hospital ,28.621944,76.912778
SOUH WEST,NAJAFGARH,NA,28.585556,76.9075
SOUH WEST,NAJAFGARH,Near government school and open gym,28.57,76.901389
SOUH WEST,NAJAFGARH,RIGHT SIDE OF ROAD FROM STADIUM ISSPUR TO DHANSA VILLAGE,28.570556,76.874722
SOUH WEST,NAJAFGARH,NEAR CREMATION GROUND DHANSA AND RIGHT SIDE OF MAIN DHANSA NAJAFGARH ROAD,28.558611,76.868056
SOUH WEST,NAJAFGARH,NEAR BY RENBEER KHARAB HOUSE,28.625556,76.8975
SOUH WEST,KAPAS HERA,near devtawala mandir ,28.549167,76.930278
SOUH WEST,KAPAS HERA,jhod,28.527222,77.082778
SOUH WEST,KAPAS HERA,near mandir,28.541667,76.946944
NEW DELHI,DELHI CANT.,DDA JHOD,28.556111,77.067222
EAST,NA,NA,28.629167,77.279722
SOUH WEST,NAJAFGARH,Baba Badri Mandir,28.596944,76.971111
SOUH WEST,DWARKA,Near gokul garden,28.591111,77.073611
SOUH WEST,DWARKA,Near dda sfs flats,28.591667,77.077222
WEST,PUNJABI BAGH,Near DDA Park and Lake Madipur,28.669444,77.1175
NORTH EAST,KARAWAL NAGAR,NA,28.784167,77.230278
SOUH WEST,NAJAFGARH,Near Quazipur sports complex ,28.558889,76.884444
SOUH WEST,KAPAS HERA,near bus stand,28.546944,76.963056
EAST,MAYUR VIHAR,NA,28.592778,77.299444
SOUH WEST,NAJAFGARH,KKN shani dev mandir,28.586389,76.9625
WEST,PATEL NAGAR,Posangi pur near BSNL office janakpuri,28.624722,77.073611
NORTH,NARELA,NA,28.806389,76.969444
NORTH,NARELA,Near Hanuman Mandir,28.805833,76.983889
NORTH EAST,KARAWAL NAGAR,NA,28.746667,77.222778
NORTH,NARELA,NA,28.798333,77.009444
SOUH WEST,KAPAS HERA,DDA JHOD,28.542222,77.03
SOUH WEST,KAPAS HERA,dda water body,28.544167,77.054444
SOUH WEST,KAPAS HERA,JHOD ,28.516111,77.060556
EAST,NA,NA,28.694167,77.321667
EAST,MAYUR VIHAR,NA,28.613889,77.288611
EAST,PREET VIHAR,NA,28.71,77.252222
SOUH WEST,DWARKA,Nasirpur water body park near shiv mandir pocket nine,28.596944,77.09
NEW DELHI,DELHI CANT.,Naraina waterbody near naraina industrial phase one,28.627222,77.13
NORTH,NARELA,Near Mungeshpur Drain,28.816389,76.975556
NORTH EAST,SEELAMPUR,NA,28.675278,77.260556
SOUH WEST,KAPAS HERA,near main road,28.555833,76.937222
SOUH WEST,KAPAS HERA,near bus stand,28.521111,76.964444
EAST,NA,NA,28.668333,77.256944
EAST,NA,NA,28.6975,77.315556
SOUH WEST,KAPAS HERA,Chawla,28.555556,77.005833
EAST,MAYUR VIHAR,NA,28.609444,77.294167
SOUH WEST,DWARKA,Nasirpur water body near manjeet apartments,28.599167,77.086389
WEST,RAJOURI GARDEN,Tihar lake near shamshan ghat,28.632222,77.105556
WEST,PUNJABI BAGH,Near DDA Park and Lake Madipur,28.669167,77.12
NORTH EAST,KARAWAL NAGAR,NA,28.727778,77.245556
NORTH,NARELA,Mary Gold Sport Complex,28.798333,76.971944
NORTH,NARELA,NA,28.823889,76.973611
NORTH EAST,SEELAMPUR,NA,28.700833,77.248889
NORTH,ALIPUR,Mukhmelpur Water Body ,28.792222,77.167222
SOUH WEST,KAPAS HERA,near baba amardas ashram,28.535833,76.970833
NORTH,NARELA,NA,28.794167,77.035833
NORTH,NARELA,NA,28.811389,77.003611
NORTH,ALIPUR,Mukhmelpur Water Body ,28.796944,77.171667
NORTH WEST,ROHINI,Near Akash Model School,28.707778,77.053056
NORTH WEST,ROHINI,NA,28.704444,77.046389
NORTH WEST,ROHINI,NA,28.716667,77.075556
SOUH WEST,DWARKA,Near valmiki chaupal,28.604444,77.0175
SOUH WEST,KAPAS HERA,near T point,28.521944,77.013611
SOUH WEST,KAPAS HERA,near nala road,28.533056,76.998889
NORTH WEST,KANJHAWLA,NA,28.736389,77.001667
SOUH WEST,KAPAS HERA,NA,28.535278,76.945278
NORTH,NARELA,NA,28.807778,77.030833
SOUH WEST,KAPAS HERA,Encroached water body,28.520556,76.985278
SOUH WEST,KAPAS HERA,Encroached water body,28.519722,76.980833
SOUH WEST,KAPAS HERA,Encroached water body,28.518611,76.983889
SOUH WEST,KAPAS HERA,near farms,28.535,76.981111
SOUH WEST,KAPAS HERA,NA,28.534444,76.924722
SOUH WEST,KAPAS HERA,near holy chowk,28.553611,76.943333
SOUH WEST,DWARKA,Near nursery of plants ,28.574444,77.051667
NEW DELHI,DELHI CANT.,DDA JHOD,28.558056,77.068611
NEW DELHI,DELHI CANT.,NO WATER BODY ,28.56,77.056944
NORTH WEST,KANJHAWLA,NA,28.771667,76.998333
SOUH WEST,KAPAS HERA,near phirni,28.543056,76.955278
SOUH WEST,KAPAS HERA,near bses office,28.541944,76.964167
SOUH WEST,KAPAS HERA,Near DN cricket ground,28.570556,76.989167
SOUH WEST,KAPAS HERA,Near rajwada farms,28.576111,76.987778
NORTH WEST,SARASWATI VIHAR,Village harsh vihar,28.699722,77.140278
SOUH WEST,KAPAS HERA,main road,28.541389,76.9275
SOUH WEST,KAPAS HERA,Rewla khanpur,28.574722,76.985833
NEW DELHI,DELHI CANT.,dda water body,28.555278,77.069444
SOUH WEST,KAPAS HERA,near govt school,28.529722,76.987222
SOUH WEST,KAPAS HERA,NA,28.531944,76.918611
SOUH WEST,KAPAS HERA,NA,28.533611,76.923056
SOUH WEST,KAPAS HERA,NA,28.536944,76.925556
SOUH WEST,KAPAS HERA,near kabristan,28.517778,76.964722
SOUH WEST,KAPAS HERA,near bank,28.545556,76.988056
SOUH WEST,KAPAS HERA,near main jhatikra road,28.5475,76.971667
NORTH,NARELA,NA,28.820556,76.998333
NORTH,NARELA,NA,28.817778,76.996667
NORTH,NARELA,Near Shiv Mandir,28.823056,76.991389
SOUH WEST,KAPAS HERA,Encroached water body,28.519167,76.962778
SOUH WEST,KAPAS HERA,near harijan mohalla,28.520556,76.901944
SOUH WEST,KAPAS HERA,Few metre away from share investment point,28.558889,76.961944
SOUH WEST,KAPAS HERA,NA,28.535833,76.888056
NORTH WEST,KANJHAWLA,Dada Shyam Temple,28.735556,77.008333
NORTH WEST,KANJHAWLA,Near Kanjhawala Store back side,28.738056,77.000278
SOUH WEST,NAJAFGARH,Near dtc terminal,28.615556,76.9775
SOUH WEST,KAPAS HERA,Eaten wala johad  near shanti garden,28.567222,76.964722
SOUH WEST,KAPAS HERA,Ram talab mandir,28.561667,76.954167
SOUH WEST,KAPAS HERA,Near hanuman mandir and govt girls school ,28.561389,76.9675
NORTH WEST,KANJHAWLA,NA,28.753889,76.9575
SOUH WEST,KAPAS HERA,Behind MCD school,28.567222,77.000833
SOUH WEST,KAPAS HERA,Sidhipith mandir on tejpur road ,28.567222,77.004167
SOUH WEST,KAPAS HERA,Mithiya johad,28.585556,76.975
SOUH WEST,KAPAS HERA,Piliya johad,28.588611,76.975833
SOUH WEST,KAPAS HERA,NA,28.512778,76.893889
NORTH WEST,KANJHAWLA,Near Shiv Mandir,28.755833,76.964444
NORTH WEST,KANJHAWLA,NA,28.738333,77.004722
NORTH WEST,KANJHAWLA,Near Balmiki Basti,28.736111,76.997778
NORTH WEST,KANJHAWLA,NA,28.7725,76.963611
NORTH WEST,KANJHAWLA,NA,28.795278,76.961111
NORTH,NARELA,NA,28.819444,76.976667
NORTH WEST,ROHINI,NA,28.708056,77.053889
SOUH WEST,KAPAS HERA,near mandir,28.528333,76.955833
NORTH WEST,KANJHAWLA,Dada Shyam Temple,28.731389,77.002222
NORTH WEST,KANJHAWLA,Near MCD School,28.763056,76.981667
NORTH WEST,KANJHAWLA,NA,28.756111,76.969722
SOUH WEST,NAJAFGARH,Dhanak chaupal and community centre exist,28.609167,76.985556
NORTH,NARELA,NA,28.806667,77.009444
NORTH,NARELA,NA,28.791111,77.015278
SOUH WEST,KAPAS HERA,Near shani mandir,28.576389,77.012778
NORTH WEST,ROHINI,NA,28.6975,77.06
SOUH WEST,DWARKA,NA,28.566944,77.050278
SOUH WEST,NAJAFGARH,Near dhanak chaupal,28.610556,76.986389
SOUH WEST,NAJAFGARH,Khaira pond  near khaira jhod wala mandir ,28.59,76.961111
NORTH WEST,SARASWATI VIHAR,Near Govind Mohalla,28.721111,77.148333
NORTH WEST,SARASWATI VIHAR,Village Sahi Pur,28.719444,77.155
NORTH WEST,SARASWATI VIHAR,Near VIPS College,28.719722,77.142778
NORTH,NARELA,Village Barwala Water Body,28.763611,77.062778
NORTH,NARELA,Village Barwala Water Body,28.763333,77.062222
NORTH,NARELA,Village Prehladpur Banger Water Body,28.750278,77.076389
SHAHDARA,SHAHDARA,NA,28.687778,77.281389
NORTH WEST,SARASWATI VIHAR,Ch Lekhram Park,28.691944,77.171944
WEST,PATEL NAGAR,Matiala,28.615278,77.040833
NORTH WEST,ROHINI,NA,28.713333,77.0375
NORTH WEST,ROHINI,Near Shiv Mandir,28.708889,77.021389
NORTH WEST,ROHINI,NA,28.704167,77.021111
SHAHDARA,SEEMAPURI,NA,28.7,77.303333
SOUH WEST,NAJAFGARH,Near shamshan ghat,28.549722,76.907778
NORTH,NARELA,Village Holambi Khurd,28.795,77.102778
NORTH,NARELA,Village Khera Khurd One,28.775556,77.092778
NORTH,NARELA,Village Lampur Cremation Ground backside,28.850833,77.066389
NORTH,NARELA,Village Lampur Aashriya waala,28.849167,77.065556
NORTH,NARELA,Village Lampur Aashriya waala,28.849167,77.065833
NORTH,NARELA,Village Naya Bans,28.789722,77.068611
NORTH,ALIPUR,Village Siraspur Near Ramleela Ground,28.756111,77.131111
SHAHDARA,VIVEK VIHAR,NA,28.648333,77.304167
SHAHDARA,VIVEK VIHAR,NA,28.671111,77.270833
EAST,NA,NA,28.674444,77.275556
NORTH WEST,ROHINI,Jai Baba Hari Das Temple,28.706111,77.016667
NORTH WEST,ROHINI,NA,28.7,77.019167
NORTH WEST,SARASWATI VIHAR,Behind Caspine Hotel ,28.725556,77.144722
NORTH,NARELA,Village Dariya Purkalan Dada Maldev Pond,28.816389,77.013056
NORTH,NARELA,Village Bhorgarh,28.831389,77.084167
NORTH,NARELA,Village Bhorgarh ,28.827778,77.092222
NORTH,NARELA,Village Lampur Aashriya waala Raab,28.851944,77.065
NORTH,NARELA,Village Mamoor Pur,28.861667,77.096111
NORTH,NARELA,Village Mamoor Pur,28.8575,77.093889
SHAHDARA,SHAHDARA,NA,28.693333,77.281111
SHAHDARA,SEEMAPURI,NA,28.6975,77.315278
SHAHDARA,SEEMAPURI,NA,28.703056,77.313056
SHAHDARA,VIVEK VIHAR,NA,28.670833,77.292778
SHAHDARA,VIVEK VIHAR,NA,28.676944,77.283056
SOUH WEST,DWARKA,DDA JHOD,28.554167,77.032222
NEW DELHI,VASANT VIHAR,Ghitorni Jhod,28.493611,77.139167
SOUTH,MEHRAULI,inside IIT Delhi,28.543333,77.177778
SOUH WEST,NAJAFGARH,Main road near BSES transformer ,28.5675,76.907778
SOUH WEST,NAJAFGARH,Agriculture field ,28.559167,76.916111
NORTH,ALIPUR,SAMAYAPUR NEAR RADHA KRISHNA MANDIR,28.749167,77.145
NORTH,NARELA,VILLAGE TIKRI KHURD ,28.83,77.123611
SOUTH,SAKET,satbari ,28.487222,77.190556
NORTH WEST,ROHINI,NA,28.715278,77.100833
NORTH,NARELA,Village Harevali Khokkar ki Johadi one,28.837222,77.015
NORTH,NARELA,Village Harevali Khokkar ki Johadi Three,28.829444,77.018611
NORTH,NARELA,Village Khera Khurd Two,28.783056,77.096111
NORTH,NARELA,Village Lampur Aashriya waala,28.849167,77.065833
NORTH,NARELA,Village Lampur Aashriya waala,28.849167,77.065833
NORTH,NARELA,Village Lampur Jheel,28.852778,77.078611
NORTH,ALIPUR,Village Siraspur Near Chatri Chowk,28.76,77.128611
SHAHDARA,SEEMAPURI,NA,28.699444,77.305
SHAHDARA,SHAHDARA,NA,28.693333,77.281667
EAST,NA,NA,28.679722,77.262778
EAST,NA,NA,28.623611,77.288889
SOUH WEST,NAJAFGARH,Near mandir ,28.530556,76.905556
SOUH WEST,DWARKA,dda water body,28.553056,77.028611
SOUH WEST,DWARKA,dda water body,28.553056,77.031389
EAST,NA,NA,28.630278,77.296111
SOUH WEST,NAJAFGARH,Near shamshan ghat ,28.542778,76.905
SOUH WEST,NAJAFGARH,On Phirni road near pump room,28.535556,76.909722
SOUH WEST,NAJAFGARH,near temple ,28.571389,76.904444
NEW DELHI,DELHI CANT.,Encroached,28.571389,77.072778
NEW DELHI,DELHI CANT.,Dda  land water body,28.5725,77.071111
SOUH WEST,NAJAFGARH,situated opposite of Mitraon Forest,28.614722,76.9475
SOUH WEST,NAJAFGARH,Near Barat Ghar in village Jharoda ,28.654722,76.95
SOUH WEST,NAJAFGARH,NA,28.6575,76.945556
SOUH WEST,NAJAFGARH,Near Chaupal and PNB,28.637222,76.982778
SOUTH,SAKET,LADOSARAI MOTHERDAIRY PARK,28.523889,77.193611
SOUTH,MEHRAULI,SANJAY VAN,28.530833,77.178333
SOUTH,MEHRAULI,SANJAY VAN,28.530833,77.170833
SOUH WEST,NAJAFGARH,Adjacent Shani Mandir,28.596667,76.890278
SOUH WEST,NAJAFGARH,Near mundella Kalan Cremation Ground,28.608333,76.893056
SOUH WEST,NAJAFGARH,NEAR BY SDMC SCHOOL MUNDELLA KALAN TO KAIR ROAD,28.613611,76.896389
NORTH,NARELA,Village Harevali pakka Talab,28.834722,77.008889
NORTH WEST,ROHINI,In Swarn Jayanti Park,28.719167,77.116389
NORTH,NARELA,Village Lampur Suraj kund ki Johadi,28.855,77.058611
NORTH,ALIPUR,Village Budhpur Near Baba Nanhe Nath Mandir,28.7825,77.136389
EAST,NA,NH IP Extension ,28.623889,77.285833
SOUH WEST,KAPAS HERA,NO WATER BODY,28.531944,76.976111
SOUH WEST,NAJAFGARH,Near gram shabha forest and dhansa Quazipur road ,28.566111,76.892222
SOUH WEST,KAPAS HERA,Near dariyapur Cricket ground ,28.549167,76.916389
SOUH WEST,NAJAFGARH,Near agriculture field ,28.561111,76.911389
SOUH WEST,NAJAFGARH,Agriculture field near open gym,28.557778,76.918611
NORTH WEST,SARASWATI VIHAR,Jheel Wala Park near Outer Ring Road,28.696667,77.108333
SOUH WEST,NAJAFGARH,Situated between forest land,28.605556,76.925833
SOUH WEST,NAJAFGARH,NA,28.597222,76.942778
SOUH WEST,NAJAFGARH,Near Delhi Jal Board UGR,28.647222,76.990833
SOUH WEST,NAJAFGARH,LEFT SIDE OF MUNDELLA BUND,28.583611,76.857222
SOUH WEST,NAJAFGARH,OPP OF  CREMATION GROUND AND LEFT SIDE MAIN DHANSA NAJAFGARH ROAD,28.558611,76.869444
SOUTH,MEHRAULI,SANJAY VAN,28.530833,77.174444
SOUTH,MEHRAULI,SANJAY VAN,28.530833,77.170833
NEW DELHI,VASANT VIHAR,INSIDE JNU CAMPUS,28.548611,77.175556
SOUH WEST,DWARKA,NO WATER BODY ,28.555556,77.0325
SOUH WEST,NAJAFGARH,near shamshan ghat,28.525,76.883056
SOUH WEST,NAJAFGARH,near mandir,28.519722,76.892222
SHAHDARA,VIVEK VIHAR,NA,28.660556,77.280556
NORTH,ALIPUR,Gharhi Khusro water body,28.7875,77.181667
SOUH WEST,NAJAFGARH,Sarangpur road near agriculture field ,28.552222,76.885833
SOUH WEST,KAPAS HERA,Encroached water body,28.545556,76.971111
NORTH,NARELA,VILLAGE TIKRI KHURD ,28.829722,77.125278
NORTH,ALIPUR,SAMAYAPUR NEAR SHIV VARTICA,28.746667,77.138611
NORTH WEST,SARASWATI VIHAR,Village Mangolpur kalan,28.700833,77.113056
NORTH WEST,SARASWATI VIHAR,village mangolpur kalan,28.703056,77.111389
NORTH WEST,SARASWATI VIHAR,village mangolpur kalan,28.698333,77.107222
NEW DELHI,DELHI CANT.,Dda  land ,28.572778,77.07
SOUTH,SAKET,Sahoorpur ,28.474444,77.19
SOUH WEST,NAJAFGARH,Opposite of Govt School in village ,28.606111,76.938333
SOUH WEST,NAJAFGARH,Near Jharoda Kalan Extension,28.649722,76.945833
SOUH WEST,DWARKA,NA,28.618889,77.000278
SOUH WEST,NAJAFGARH,NEAR BY DADA BUDHA TEMPLE  DHANSA VILLAGE,28.558611,76.866667
SOUH WEST,NAJAFGARH,Opposite Synthetic Track,28.617222,76.929722
SOUTH,MEHRAULI,SANJAY VAN,28.531944,77.175
SOUTH,MEHRAULI,SANJAY VAN,28.530833,77.170833
SOUTH,MEHRAULI,SANJAY VAN,28.530833,77.170833
SOUH WEST,NAJAFGARH,near Temple,28.610556,76.893611
SOUH WEST,NAJAFGARH,Near Vyayamshala ,28.5575,76.865556
SOUH WEST,NAJAFGARH,ON THE LINK ROAD OF MUNDELLA KALAN TO MUNDELLA KHURD VILLAGE,28.609167,76.912222
NEW DELHI,VASANT VIHAR,Forest area,28.537778,77.157778
SOUTH,MEHRAULI,MEHRAULI KISHANGARH ,28.517222,77.180833
NORTH WEST,ROHINI,Park Near Jalebi Chowk,28.693333,77.073056
SOUH WEST,NAJAFGARH,Near BSES Offie in Mitraon,28.6075,76.950556
SOUH WEST,NAJAFGARH,Back side of  Laxmi Narayan Mandir,28.583056,76.884444
SOUH WEST,NAJAFGARH,Near by Government School,28.641111,76.985
SOUH WEST,NAJAFGARH,Agriculture field near village temple ,28.580833,76.900278
SOUH WEST,NAJAFGARH,Kair Phirni to Rawta more ,28.611944,76.915833
SOUH WEST,NAJAFGARH,Mundella Kalan to Main Dhansa Road,28.603056,76.898889
NEW DELHI,VASANT VIHAR,JNU Campus,28.542778,77.161667
NORTH WEST,SARASWATI VIHAR,Vaccant land,28.698056,77.118889
NORTH,MODEL TOWN,NA,28.707222,77.193889
SOUH WEST,DWARKA,Kakrola,28.608889,77.019444
SOUH WEST,KAPAS HERA,Near kana lal chand road,28.5625,77.007222
WEST,PATEL NAGAR,NA,28.658889,77.136667
SOUH WEST,DWARKA,Kakrola,28.6075,77.019444
SOUH WEST,KAPAS HERA,Near ITBP boundary wall,28.549444,77.009444
WEST,PATEL NAGAR,BUDHELA WATERBODY NEAR MCD PRIMARY SCHOOL BUDHELA,28.638889,77.068056
NEW DELHI,DELHI CANT.,Todapur waterbody near hermanos industries pvt ltd,28.622222,77.158889
EAST,NA,NA,28.603333,77.3225
EAST,NA,NA,28.629167,77.305278
SOUTH,MEHRAULI,FOREST LAND,28.517778,77.181111
NORTH,ALIPUR,Jindpur water body,28.802778,77.161111
EAST,NA,NA,28.623056,77.289167
CENTRAL,CIVIL LINES,Jharoda Mazra Burari,28.733333,77.21
CENTRAL,CIVIL LINES,Jhordha Mazra Burari,28.733889,77.219167
NORTH WEST,KANJHAWLA,NA,28.693611,76.996944
NORTH EAST,KARAWAL NAGAR,NA,28.742778,77.220556
EAST,PREET VIHAR,NA,28.709722,77.251667
CENTRAL,NA,RED FORT BAOLI,28.661111,77.240556
NORTH EAST,YAMUNA VIHAR,NA,28.706944,77.309444
EAST,NA,NA,28.640278,77.299722
NORTH,ALIPUR,Tehri Daulatpur water body,28.791389,77.197222
EAST,MAYUR VIHAR,NA,28.592778,77.299444
EAST,PREET VIHAR,NA,28.711944,77.2525
NORTH,ALIPUR,Mohammadpur Water Body,28.808889,77.1875
EAST,NA,NA,28.630278,77.275
EAST,NA,NA,28.6275,77.278611
NORTH EAST,SEELAMPUR,NA,28.692222,77.266667
NORTH,ALIPUR,Singhu Water body ,28.86,77.133611
NORTH,ALIPUR,Tajpur Water body ,28.839722,77.169167
NORTH EAST,KARAWAL NAGAR,NA,28.741667,77.224444
NORTH,ALIPUR,Akbarpur Majra Water Body,28.836944,77.183611
NORTH,ALIPUR,Tigipur Water Body,28.824722,77.188056
NORTH,ALIPUR,Hamidpur Water Body,28.828889,77.149444
NORTH,ALIPUR,BAKHTAWARPUR WATER BODY,28.828889,77.163056
NORTH EAST,SEELAMPUR,NA,28.6925,77.267222
NORTH EAST,SEELAMPUR,NA,28.709722,77.262778
NORTH EAST,SEELAMPUR,NA,28.689444,77.253889
NORTH,ALIPUR,Tajpur Water body ,28.835833,77.1675
NORTH,ALIPUR,Tajpur Water body ,28.839444,77.171667
SOUH EAST,DEFENCE COLONY,KILOKARI,28.576667,77.268611
NORTH,ALIPUR,Hiranki Water Body,28.801111,77.180556
NORTH,ALIPUR,Akbarpur Majra Water Body,28.834444,77.181389
NORTH,ALIPUR,Hamidpur water body,28.828333,77.149722
SOUTH,HAUZ KHAS,Inside NCERT premises,28.54,77.191389
SOUTH,HAUZ KHAS,OPEN LAND IN UNAUTHORISED AREA,28.531667,77.217778
SOUTH,HAUZ KHAS,Hauz Khas monuments,28.552778,77.1925
SOUTH,HAUZ KHAS,Humayunpur,28.561111,77.195
SOUTH,HAUZ KHAS,IIT delhi,28.544444,77.198333
SOUTH,HAUZ KHAS,Govt School Begumpur Village,28.538611,77.207222
SOUTH,MEHRAULI,KATWARIA SARAI WB,28.538889,77.178889
SOUH EAST,DEFENCE COLONY,Okhla,28.566111,77.293056
SOUH EAST,SARITA VIHAR,Badarpur,28.508056,77.285
SOUTH,MEHRAULI,NCC camp,28.4775,77.157222
SOUH EAST,SARITA VIHAR,Madan Pur Khadar,28.527778,77.315833
SOUTH,MEHRAULI,Sultan pur area,28.49,77.161389
SOUTH,MEHRAULI,Sultanpur,28.494722,77.163889
SOUTH,SAKET,neb sarai forest ,28.499722,77.205278
NORTH WEST,ROHINI,NA,28.700556,77.023056
NORTH,ALIPUR,Nangli Poona,28.771944,77.144167
NORTH,ALIPUR,Ibrahimpur,28.773611,77.176667
NORTH,ALIPUR,Akburpur Mazra,28.834444,77.181389
NORTH,ALIPUR,Bakoli Water Body ,28.807778,77.15
NORTH,ALIPUR,Fatehpur Jat Water Body,28.809444,77.1925
NORTH EAST,SEELAMPUR,NA,28.711389,77.255556
NORTH EAST,KARAWAL NAGAR,NA,28.726944,77.269444
NORTH,ALIPUR,ZINDPUR,28.793056,77.155
NORTH,ALIPUR,Bakhtawarpur Water Body,28.821389,77.172222
NORTH,ALIPUR,Hiranki water body,28.807222,77.168611
NORTH,ALIPUR,Tigipur Water Body,28.821944,77.188611
CENTRAL,NA,Burari Garhi Shakti Enclave,28.755833,77.191944
NORTH EAST,KARAWAL NAGAR,NA,28.75,77.256389
CENTRAL,NA,RAJGHAT,28.6425,77.245556
CENTRAL,NA,Firoz Shah Kotla Baoli,28.633611,77.248889
SOUTH,SAKET,Asola Jhod,28.454167,77.208889
SOUTH,SAKET,ASOLA FOREST,28.452222,77.208333
SOUTH,SAKET,MCD SCHOOL,28.456944,77.186667
SOUH EAST,DEFENCE COLONY,Park,28.565,77.2225
SOUTH,HAUZ KHAS,Park in said area,28.558056,77.217222
SOUTH,MEHRAULI,Bus Stand Johad,28.475278,77.130278
SOUTH,MEHRAULI,Near animal hospital,28.464722,77.153611
SOUTH,SAKET,BSF Camp,28.511944,77.239722
SOUTH,SAKET,Back side of Satbari,28.473611,77.206111
SOUTH,SAKET,Devli ,28.493611,77.247222
SOUH EAST,KALKA JI,Tughlakabad F,28.508889,77.267778
NORTH WEST,KANJHAWLA,Near Balmiki Basti,28.725556,77.038333
SOUTH,HAUZ KHAS,DDA play ground exist,28.524444,77.211111
SOUTH,HAUZ KHAS,BUILDING DEVELOPED,28.556111,77.236667
SOUTH,HAUZ KHAS,Park in said area,28.558889,77.215833
SOUTH,SAKET,NA,28.502778,77.201389
SOUTH,MEHRAULI,SANJAY VAN,28.5125,77.145
SOUH EAST,KALKA JI,Tughlakabad F,28.508889,77.264167
SOUH EAST,KALKA JI,Tughlakabad ,28.494167,77.2475
SOUH EAST,KALKA JI,TUGLAKABAD FORT ,28.508889,77.261667
SOUH EAST,KALKA JI,Tughlakabad ,28.514167,77.267778
NORTH,MODEL TOWN,Dhir Pur F Seventy Five,28.720278,77.208611
SOUH EAST,KALKA JI,Tughlakabad ,28.518889,77.256944
NORTH,MODEL TOWN,Azadpur F Seventy Six,28.727222,77.191944
NORTH WEST,SARASWATI VIHAR,In Prashant Vihar,28.716944,77.135
NORTH WEST,SARASWATI VIHAR,village shakur pur,28.678056,77.153611
NEW DELHI,VASANT VIHAR,Chatt ghat water body ,28.546667,77.129722
NEW DELHI,VASANT VIHAR,NO WATER BODY ,28.522222,77.099167
WEST,PATEL NAGAR,Matiala,28.669722,77.121667
WEST,RAJOURI GARDEN,TIhar near BSES enforcement office,28.630278,77.111111
NORTH WEST,ROHINI,Near Govt School,28.706389,77.055833
NEW DELHI,DELHI CANT.,NO water body,28.561389,77.056111
NORTH WEST,KANJHAWLA,Sh Daya Ram shop,28.731111,76.960278
NORTH,ALIPUR,Ibrahimpur,28.775556,77.179167
NORTH,ALIPUR,Hamidpur Water Body ,28.829722,77.148889
EAST,MAYUR VIHAR,NA,28.612222,77.3125
NORTH EAST,SEELAMPUR,NA,28.694722,77.242778
NORTH EAST,SEELAMPUR,NA,28.694722,77.27
NORTH,ALIPUR,Bakhtawarpur Water Body,28.821111,77.172778
EAST,NA,NA,28.612778,77.301667
NORTH EAST,KARAWAL NAGAR,NA,28.723889,77.264167
CENTRAL,NA,Kamalpur Majra,28.751667,77.191944
CENTRAL,NA,SHAKTI STHAL LAKE,28.643333,77.246944
SOUTH,HAUZ KHAS,Hauz Khas Pond,28.553889,77.192222
SOUTH,SAKET,aSOLA,28.458611,77.181944
SOUTH,HAUZ KHAS,COLONY DEVELOPED ,28.537778,77.216944
SOUTH,HAUZ KHAS,DEVELOPED PARK BY DDA,28.544444,77.213056
SOUH EAST,SARITA VIHAR,Jasola ,28.548333,77.275833
SOUTH,HAUZ KHAS,Park in said area,28.561944,77.203889
SOUTH,MEHRAULI,FATEHPUR BERI,28.458889,77.176944
SOUTH,MEHRAULI,jHOD,28.443611,77.179444
SOUTH,MEHRAULI,Shiv Hansa Chowk Jhod,28.470556,77.128611
SOUTH,MEHRAULI,Chandan hulla Johad,28.468889,77.181944
SOUTH,MEHRAULI,Private farm house exist,28.473333,77.167222
SOUTH,SAKET,Forest area,28.489722,77.220833
SOUTH,SAKET,Park in said area,28.501111,77.230278
SOUTH,SAKET,Maidan Garhi,28.478611,77.207778
NORTH,NARELA,NA,28.808611,76.968611
NORTH,NARELA,NA,28.816667,76.969722
NORTH,ALIPUR,Tigipur water body ,28.821944,77.188611
NORTH WEST,KANJHAWLA,NA,28.695,76.997222
SOUTH,MEHRAULI,Near Metro station,28.546667,77.193889
SOUTH,MEHRAULI,Kholi dham johad,28.465833,77.139444
NORTH WEST,ROHINI,NA,28.697222,77.096944
SOUH EAST,SARITA VIHAR,Aali,28.516944,77.301111
SOUTH,MEHRAULI,DERA MANDI JHOD,28.435278,77.179444
SOUTH,SAKET,aSOLA JHOD,28.486667,77.186944
SOUH EAST,KALKA JI,Tughlakabad ,28.5025,77.253333
SOUH EAST,SARITA VIHAR,Molar Band ,28.501944,77.311944
SOUH EAST,SARITA VIHAR,Jasola ,28.508333,77.326667
SOUH EAST,KALKA JI,Bahapur,28.559167,77.2725
SOUH EAST,KALKA JI,Bahapur,28.514444,77.203889
NORTH WEST,SARASWATI VIHAR,Village Sahi Pur,28.7175,77.1625
NORTH WEST,SARASWATI VIHAR,Near VIPS College,28.719722,77.142778
NORTH WEST,SARASWATI VIHAR,Front of VIPS College,28.721389,77.142222
WEST,PATEL NAGAR,NA,28.650556,77.102222
NEW DELHI,VASANT VIHAR,mandir wala jhod near mata chowk,28.5425,77.118889
NEW DELHI,VASANT VIHAR,no water body,28.526667,77.113056
NEW DELHI,VASANT VIHAR,PEER BABA WAALI JHOD,28.534722,77.136389
NEW DELHI,VASANT VIHAR,NO WATER BODY ,28.522222,77.098889
NEW DELHI,VASANT VIHAR,VASANT VIHAR VATIKA,28.533889,77.144444
SOUH WEST,KAPAS HERA,jhod,28.526389,77.083333
SOUH WEST,DWARKA,neae krishna banquet hall palam,28.589167,77.073333
SOUH WEST,DWARKA,Dabri near durga mata mandir,28.608056,77.085833
SOUH WEST,DWARKA,PALAM WATERBODY NEAR MAHARAJA AGERSAIN HOSPITAL,28.593611,77.0775
SOUH WEST,DWARKA,CGSIPU CRICKET GROUND,28.5925,77.013889
NORTH WEST,ROHINI,NA,28.696111,77.060556
CENTRAL,NA,SHANTI VAN,28.651389,77.251944
SOUTH,HAUZ KHAS,DDA Park developed,28.543056,77.220278
SOUTH,MEHRAULI,JHOD,28.436944,77.141111
SOUH EAST,SARITA VIHAR,NHAI Highway,28.498333,77.315278
SOUTH,SAKET,ROAD DRAIN,28.448056,77.188889
SOUH EAST,SARITA VIHAR,Kotlamahigiran,28.54,77.291667
SOUTH,MEHRAULI,MCD PARK,28.540556,77.186389
SOUH EAST,SARITA VIHAR,Badarpur NTPC,28.503056,77.311389
SOUH EAST,KALKA JI,Tughlakabad ,28.512778,77.267778
SOUH EAST,KALKA JI,Tehkhand ,28.506944,77.285556
SOUTH,MEHRAULI,SANJAY VAN,28.531111,77.173889
SOUH EAST,SARITA VIHAR,Tajpur Khdaan,28.498056,77.306389
SOUH EAST,KALKA JI,WATER TREATMENT PLANT BY DJB IN OKHLA,28.553889,77.2825
SOUH EAST,DEFENCE COLONY,DEVELOPED PARK BY DDA,28.555,77.2475
SOUTH,MEHRAULI,Sultanpur,28.494444,77.161389
SOUTH,SAKET,Asthal mandir,28.494167,77.23
SOUTH,SAKET,private land,28.509167,77.212222
SOUTH,SAKET,Maidan Garhi,28.4975,77.196667
SOUTH,SAKET,Neeli Jheel,28.514444,77.203889
NORTH,NARELA,NA,28.808611,77.015
NORTH WEST,KANJHAWLA,NA,28.755,76.965556
SOUTH,MEHRAULI,Balka Chowk Aya Nagar area,28.475278,77.133889
SOUTH,SAKET,neb sarai ,28.510556,77.200556
SOUTH,SAKET,Saidulajab area,28.517222,77.2025
SOUTH,SAKET,Madudi talab,28.501944,77.193889
NORTH WEST,ROHINI,Bapu Park,28.696944,77.093333
SOUTH,HAUZ KHAS,OPEN LAND NEAR DRAIN,28.534167,77.224167
NORTH WEST,ROHINI,NA,28.697778,77.096944
NORTH WEST,SARASWATI VIHAR,district park harsh vihar,28.690833,77.132778
CENTRAL,NA,Rosanara lake,28.674167,77.198333
NORTH,MODEL TOWN,Azadpur F Seventy Four,28.7125,77.1775
CENTRAL,NA,prasad Nagar Lake,28.646944,77.178056
WEST,PATEL NAGAR,Khayala waterbody near Hanuman Madir,28.657778,77.100556
NEW DELHI,VASANT VIHAR,No water body found,28.551111,77.132222
NEW DELHI,VASANT VIHAR,shani bazar jhod,28.515,77.1125
NEW DELHI,VASANT VIHAR,shiv mandir jhod,28.518333,77.107222
SOUH WEST,KAPAS HERA,chhat ghat water body,28.541944,77.045
SOUH WEST,KAPAS HERA,jhod,28.541944,77.044444
SOUH WEST,DWARKA,Palam water body near Institute of paramedical science,28.585,77.074167
NEW DELHI,VASANT VIHAR,aravali biodiversity,28.543056,77.145
NEW DELHI,VASANT VIHAR,Mahipalpur ,28.552778,77.133333
NEW DELHI,VASANT VIHAR,Mahipalpur,28.551389,77.132778
NEW DELHI,VASANT VIHAR,Forest water body,28.508056,77.099444
NORTH,MODEL TOWN,Gurudwara Nanak Piao Sahib Sarovar,28.691667,77.192222
SOUTH,HAUZ KHAS,In Malviya Nagar,28.5325,77.203889
SOUTH,MEHRAULI,SAMSI TALAAB,28.514444,77.177222
SOUTH,MEHRAULI,QUTUB KI BAOLI,28.518889,77.180833
SOUH EAST,DEFENCE COLONY,Khizarabad,28.5725,77.270833
SOUH EAST,DEFENCE COLONY,WELL DEVELOPED IN COLONY,28.573056,77.222222
NORTH WEST,SARASWATI VIHAR,village shakur pur,28.685,77.141389
NORTH WEST,ROHINI,NA,28.695833,77.095556
SOUH EAST,KALKA JI,Bahapur,28.548611,77.261389
NORTH,MODEL TOWN,Dhir pur F Seventy Four,28.720278,77.208611
NORTH,MODEL TOWN,Dhir Pur F Seventy Six,28.721111,77.207778
NORTH,MODEL TOWN,Azadpur F Seventy Five,28.713056,77.1775
NORTH,MODEL TOWN,Bharola F Seventy Four,28.721111,77.176667
WEST,PUNJABI BAGH,Near District Park Madipur Village,28.668611,77.122222
WEST,PATEL NAGAR,Keshopur waterbody near Brain International School ,28.645833,77.079444
NEW DELHI,VASANT VIHAR,NO WATER BODY ,28.53,77.095
NEW DELHI,VASANT VIHAR,JHOD ,28.53,77.106944
SOUH WEST,KAPAS HERA,JHOD ,28.535278,77.0575
WEST,RAJOURI GARDEN,At GBSSS Tartarpur,28.644167,77.115
NEW DELHI,VASANT VIHAR,Forest water body,28.504444,77.107222
NEW DELHI,VASANT VIHAR,nangal devat,28.552222,77.088056
NEW DELHI,VASANT VIHAR,Nangal dewat,28.553056,77.09
SOUH WEST,KAPAS HERA,NO water body,28.521944,77.066944
WEST,PATEL NAGAR,Vishnu Garden ,28.652222,77.090278
